sales_id,prod_id,quantity
1,1,97
1,2,413
1,3,303
1,4,478
1,5,22
1,6,3
1,7,274
1,8,40
1,9,438
1,10,302
2,1,440
2,2,20
2,3,291
2,4,172
2,5,375
2,6,416
2,7,87
2,8,400
2,9,156
2,10,4
3,1,356
3,2,332
3,3,98
3,4,333
3,5,235
3,6,116
3,7,10
3,8,480
3,9,206
3,10,8
4,1,325
4,2,484
4,3,162
4,4,405
4,5,412
4,6,371
4,7,337
4,8,302
4,9,389
4,10,283
5,1,469
5,2,43
5,3,203
5,4,296
5,5,100
5,6,379
5,7,458
5,8,277
5,9,186
5,10,63
6,1,250
6,2,193
6,3,289
6,4,97
6,5,468
6,6,276
6,7,309
6,8,9
6,9,5
6,10,405
7,1,73
7,2,479
7,3,462
7,4,305
7,5,282
7,6,392
7,7,233
7,8,147
7,9,211
7,10,250
8,1,30
8,2,286
8,3,274
8,4,185
8,5,458
8,6,109
8,7,2
8,8,216
8,9,136
8,10,93
9,1,147
9,2,304
9,3,79
9,4,46
9,5,291
9,6,16
9,7,192
9,8,321
9,9,160
9,10,479
10,1,308
10,2,34
10,3,128
10,4,161
10,5,213
10,6,134
10,7,129
10,8,25
10,9,72
10,10,496
11,1,74
11,2,328
11,3,186
11,4,141
11,5,242
11,6,384
11,7,386
11,8,378
11,9,54
11,10,397
12,1,136
12,2,335
12,3,260
12,4,242
12,5,43
12,6,207
12,7,491
12,8,82
12,9,51
12,10,396
13,1,408
13,2,392
13,3,355
13,4,184
13,5,97
13,6,387
13,7,279
13,8,484
13,9,8
13,10,212
14,1,115
14,2,125
14,3,352
14,4,364
14,5,81
14,6,106
14,7,3
14,8,295
14,9,456
14,10,492
15,1,171
15,2,211
15,3,456
15,4,492
15,5,146
15,6,111
15,7,106
15,8,390
15,9,221
15,10,67
16,1,247
16,2,240
16,3,299
16,4,130
16,5,247
16,6,216
16,7,332
16,8,97
16,9,213
16,10,328
17,1,475
17,2,43
17,3,74
17,4,194
17,5,76
17,6,446
17,7,326
17,8,320
17,9,162
17,10,317
18,1,29
18,2,96
18,3,115
18,4,295
18,5,198
18,6,189
18,7,89
18,8,9
18,9,361
18,10,102
19,1,123
19,2,239
19,3,437
19,4,5
19,5,280
19,6,309
19,7,80
19,8,209
19,9,54
19,10,125
20,1,63
20,2,225
20,3,131
20,4,61
20,5,263
20,6,455
20,7,117
20,8,166
20,9,407
20,10,394
21,1,487
21,2,150
21,3,128
21,4,355
21,5,274
21,6,223
21,7,362
21,8,51
21,9,256
21,10,425
22,1,329
22,2,417
22,3,493
22,4,491
22,5,52
22,6,492
22,7,473
22,8,17
22,9,390
22,10,487
23,1,443
23,2,266
23,3,233
23,4,311
23,5,200
23,6,122
23,7,376
23,8,118
23,9,277
23,10,287
24,1,367
24,2,468
24,3,431
24,4,279
24,5,26
24,6,186
24,7,250
24,8,312
24,9,476
24,10,19
25,1,80
25,2,336
25,3,166
25,4,240
25,5,356
25,6,487
25,7,214
25,8,290
25,9,40
25,10,366
26,1,473
26,2,373
26,3,235
26,4,14
26,5,138
26,6,278
26,7,487
26,8,178
26,9,297
26,10,89
27,1,8
27,2,200
27,3,259
27,4,377
27,5,295
27,6,367
27,7,170
27,8,106
27,9,335
27,10,29
28,1,72
28,2,197
28,3,484
28,4,296
28,5,106
28,6,360
28,7,24
28,8,448
28,9,280
28,10,17
29,1,98
29,2,14
29,3,411
29,4,435
29,5,464
29,6,73
29,7,35
29,8,292
29,9,148
29,10,331
30,1,488
30,2,48
30,3,431
30,4,308
30,5,361
30,6,408
30,7,449
30,8,247
30,9,185
30,10,468
31,1,92
31,2,7
31,3,358
31,4,304
31,5,385
31,6,316
31,7,227
31,8,60
31,9,272
31,10,314
32,1,957
32,2,718
32,3,988
32,4,865
32,5,566
32,6,874
32,7,710
32,8,810
32,9,679
32,10,676
33,1,764
33,2,779
33,3,814
33,4,870
33,5,851
33,6,867
33,7,502
33,8,598
33,9,706
33,10,672
34,1,569
34,2,876
34,3,764
34,4,972
34,5,631
34,6,570
34,7,659
34,8,894
34,9,957
34,10,804
35,1,735
35,2,689
35,3,646
35,4,515
35,5,655
35,6,909
35,7,628
35,8,569
35,9,955
35,10,683
36,1,986
36,2,824
36,3,892
36,4,724
36,5,784
36,6,724
36,7,537
36,8,681
36,9,772
36,10,802
37,1,720
37,2,600
37,3,523
37,4,699
37,5,816
37,6,818
37,7,657
37,8,882
37,9,894
37,10,635
38,1,644
38,2,989
38,3,760
38,4,609
38,5,862
38,6,736
38,7,565
38,8,586
38,9,859
38,10,739
39,1,657
39,2,591
39,3,913
39,4,958
39,5,724
39,6,1000
39,7,900
39,8,719
39,9,723
39,10,564
40,1,1302
40,2,1008
40,3,1489
40,4,1275
40,5,1225
40,6,1187
40,7,1023
40,8,1475
40,9,1289
40,10,1363
41,1,1393
41,2,1369
41,3,1282
41,4,1301
41,5,1309
41,6,1013
41,7,1192
41,8,1454
41,9,1273
41,10,1199
42,1,1217
42,2,1262
42,3,1081
42,4,1370
42,5,1409
42,6,1319
42,7,1369
42,8,1384
42,9,1411
42,10,1223
43,1,1390
43,2,1282
43,3,1008
43,4,1058
43,5,1333
43,6,1112
43,7,1239
43,8,1448
43,9,1141
43,10,1064
44,1,1215
44,2,1189
44,3,1425
44,4,1478
44,5,1397
44,6,1202
44,7,1468
44,8,1373
44,9,1119
44,10,1449
45,1,1038
45,2,1211
45,3,1046
45,4,1444
45,5,1135
45,6,1484
45,7,1106
45,8,1180
45,9,1386
45,10,1309
46,1,1267
46,2,1239
46,3,1095
46,4,1192
46,5,1126
46,6,1283
46,7,1087
46,8,1419
46,9,1031
46,10,1439
47,1,1173
47,2,1312
47,3,1006
47,4,1110
47,5,1393
47,6,1245
47,7,1361
47,8,1108
47,9,1016
47,10,1319
48,1,1439
48,2,1329
48,3,1039
48,4,1280
48,5,1460
48,6,1234
48,7,1084
48,8,1445
48,9,1156
48,10,1088
49,1,1400
49,2,1429
49,3,1015
49,4,1092
49,5,1339
49,6,1301
49,7,1199
49,8,1495
49,9,1069
49,10,1399
50,1,1494
50,2,1443
50,3,1261
50,4,1082
50,5,1268
50,6,1139
50,7,1335
50,8,1340
50,9,1180
50,10,1152
51,1,1008
51,2,1417
51,3,1203
51,4,1470
51,5,1341
51,6,1300
51,7,1162
51,8,1448
51,9,1163
51,10,1067
52,1,1008
52,2,1237
52,3,1424
52,4,1496
52,5,1474
52,6,1262
52,7,1175
52,8,1335
52,9,1403
52,10,1351
53,1,1265
53,2,1379
53,3,1081
53,4,1447
53,5,1461
53,6,1239
53,7,1435
53,8,1383
53,9,1487
53,10,1137
54,1,1430
54,2,1226
54,3,1209
54,4,1203
54,5,1357
54,6,1101
54,7,1370
54,8,1466
54,9,1187
54,10,1167
55,1,1272
55,2,1380
55,3,1046
55,4,1207
55,5,1152
55,6,1318
55,7,1337
55,8,1070
55,9,1373
55,10,1219
56,1,1059
56,2,1188
56,3,1202
56,4,1023
56,5,1468
56,6,1119
56,7,1489
56,8,1076
56,9,1205
56,10,1201
57,1,1088
57,2,1336
57,3,1367
57,4,1456
57,5,1217
57,6,1206
57,7,1017
57,8,1161
57,9,1069
57,10,1243
58,1,1187
58,2,1437
58,3,1190
58,4,1011
58,5,1378
58,6,1286
58,7,1114
58,8,1151
58,9,1180
58,10,1012
59,1,1694
59,2,1794
59,3,1710
59,4,1547
59,5,1558
59,6,1685
59,7,1555
59,8,1837
59,9,1940
59,10,1649
60,1,1558
60,2,1690
60,3,1595
60,4,1672
60,5,1801
60,6,1647
60,7,1705
60,8,1983
60,9,1774
60,10,1694
61,1,1936
61,2,1826
61,3,1800
61,4,1648
61,5,1964
61,6,1845
61,7,1571
61,8,1639
61,9,1809
61,10,1636
62,1,1844
62,2,1531
62,3,1991
62,4,1773
62,5,1956
62,6,1531
62,7,1781
62,8,1971
62,9,1541
62,10,1817
63,1,1671
63,2,1976
63,3,1690
63,4,1795
63,5,1883
63,6,1519
63,7,1710
63,8,1932
63,9,1705
63,10,1768
64,1,1932
64,2,1620
64,3,1911
64,4,1807
64,5,1914
64,6,1567
64,7,1665
64,8,1566
64,9,1670
64,10,1973
65,1,1697
65,2,1615
65,3,1730
65,4,1752
65,5,1753
65,6,1749
65,7,1906
65,8,1973
65,9,1548
65,10,1754
66,1,1725
66,2,1885
66,3,1855
66,4,1569
66,5,1636
66,6,1505
66,7,1868
66,8,1713
66,9,1926
66,10,1993
67,1,1579
67,2,1801
67,3,1638
67,4,1565
67,5,1794
67,6,1927
67,7,1589
67,8,1828
67,9,1993
67,10,1544
68,1,1862
68,2,1918
68,3,1745
68,4,1977
68,5,1950
68,6,1853
68,7,1760
68,8,1608
68,9,1846
68,10,1930
69,1,1540
69,2,1566
69,3,1596
69,4,1560
69,5,1602
69,6,1882
69,7,1698
69,8,1781
69,9,1909
69,10,1971
70,1,1630
70,2,1786
70,3,1673
70,4,1639
70,5,1975
70,6,1880
70,7,1515
70,8,1741
70,9,1993
70,10,1883
71,1,1635
71,2,1730
71,3,1776
71,4,1721
71,5,1992
71,6,1726
71,7,1647
71,8,1847
71,9,1688
71,10,1826
72,1,1959
72,2,1745
72,3,1712
72,4,1638
72,5,1731
72,6,1730
72,7,1733
72,8,1557
72,9,1850
72,10,1649
73,1,1719
73,2,1950
73,3,1518
73,4,1657
73,5,1607
73,6,1679
73,7,1503
73,8,1699
73,9,1607
73,10,1617
74,1,1947
74,2,1515
74,3,1893
74,4,1829
74,5,1552
74,6,1664
74,7,1679
74,8,1570
74,9,1797
74,10,1752
75,1,1740
75,2,1740
75,3,1596
75,4,1713
75,5,1671
75,6,1723
75,7,1722
75,8,1845
75,9,1641
75,10,1946
76,1,1862
76,2,1999
76,3,1908
76,4,1873
76,5,1876
76,6,1853
76,7,1674
76,8,1891
76,9,1646
76,10,1623
77,1,1744
77,2,1768
77,3,1551
77,4,1719
77,5,1867
77,6,1992
77,7,1830
77,8,1878
77,9,1778
77,10,1981
78,1,1502
78,2,1932
78,3,1880
78,4,1835
78,5,1919
78,6,1899
78,7,1671
78,8,1990
78,9,1967
78,10,1686
79,1,1954
79,2,1798
79,3,1812
79,4,1929
79,5,1726
79,6,1603
79,7,1766
79,8,1670
79,9,1668
79,10,1826
80,1,1566
80,2,1854
80,3,1746
80,4,1988
80,5,1975
80,6,1839
80,7,1864
80,8,1788
80,9,1854
80,10,1916
81,1,1992
81,2,1789
81,3,1944
81,4,1813
81,5,1682
81,6,1892
81,7,1899
81,8,1869
81,9,1638
81,10,1784
82,1,1970
82,2,1772
82,3,1747
82,4,1728
82,5,1566
82,6,1931
82,7,1681
82,8,1548
82,9,1716
82,10,1983
83,1,1525
83,2,1808
83,3,1850
83,4,1899
83,5,1883
83,6,1505
83,7,1502
83,8,1904
83,9,1510
83,10,1559
84,1,2342
84,2,2339
84,3,2067
84,4,2171
84,5,2169
84,6,2037
84,7,2362
84,8,2470
84,9,2349
84,10,2250
85,1,2382
85,2,2447
85,3,2467
85,4,2179
85,5,2301
85,6,2195
85,7,2349
85,8,2449
85,9,2024
85,10,2076
86,1,2233
86,2,2106
86,3,2101
86,4,2140
86,5,2344
86,6,2133
86,7,2105
86,8,2323
86,9,2336
86,10,2484
87,1,2287
87,2,2479
87,3,2072
87,4,2459
87,5,2422
87,6,2045
87,7,2094
87,8,2318
87,9,2005
87,10,2414
88,1,2063
88,2,2097
88,3,2371
88,4,2341
88,5,2328
88,6,2486
88,7,2492
88,8,2191
88,9,2013
88,10,2488
89,1,2102
89,2,2233
89,3,2403
89,4,2181
89,5,2427
89,6,2081
89,7,2011
89,8,2417
89,9,2433
89,10,2438
90,1,2053
90,2,2031
90,3,2219
90,4,2476
90,5,2120
90,6,2370
90,7,2024
90,8,2067
90,9,2251
90,10,2498
91,1,2008
91,2,2001
91,3,2144
91,4,2446
91,5,2090
91,6,2006
91,7,2246
91,8,2125
91,9,2153
91,10,2166
92,1,2056
92,2,2431
92,3,2415
92,4,2167
92,5,2161
92,6,2277
92,7,2415
92,8,2358
92,9,2138
92,10,2419
93,1,2341
93,2,2253
93,3,2099
93,4,2146
93,5,2312
93,6,2207
93,7,2387
93,8,2219
93,9,2444
93,10,2258
94,1,2204
94,2,2404
94,3,2153
94,4,2075
94,5,2411
94,6,2254
94,7,2080
94,8,2464
94,9,2283
94,10,2299
95,1,2367
95,2,2042
95,3,2079
95,4,2120
95,5,2327
95,6,2442
95,7,2434
95,8,2400
95,9,2376
95,10,2033
96,1,2202
96,2,2337
96,3,2427
96,4,2142
96,5,2206
96,6,2380
96,7,2241
96,8,2034
96,9,2209
96,10,2173
97,1,2023
97,2,2150
97,3,2347
97,4,2466
97,5,2470
97,6,2438
97,7,2217
97,8,2297
97,9,2041
97,10,2355
98,1,2417
98,2,2428
98,3,2344
98,4,2141
98,5,2499
98,6,2126
98,7,2135
98,8,2358
98,9,2280
98,10,2324
99,1,2148
99,2,2066
99,3,2061
99,4,2292
99,5,2332
99,6,2360
99,7,2197
99,8,2116
99,9,2470
99,10,2136
100,1,2114
100,2,2079
100,3,2046
100,4,2420
100,5,2253
100,6,2104
100,7,2295
100,8,2242
100,9,2499
100,10,2494
101,1,2144
101,2,2066
101,3,2014
101,4,2148
101,5,2327
101,6,2454
101,7,2069
101,8,2496
101,9,2466
101,10,2225
102,1,2276
102,2,2130
102,3,2237
102,4,2474
102,5,2002
102,6,2388
102,7,2393
102,8,2423
102,9,2024
102,10,2380
103,1,2052
103,2,2261
103,3,2144
103,4,2114
103,5,2448
103,6,2198
103,7,2145
103,8,2461
103,9,2370
103,10,2125
104,1,2461
104,2,2142
104,3,2380
104,4,2496
104,5,2302
104,6,2033
104,7,2328
104,8,2380
104,9,2013
104,10,2362
105,1,2444
105,2,2220
105,3,2095
105,4,2030
105,5,2003
105,6,2098
105,7,2340
105,8,2218
105,9,2382
105,10,2357
106,1,2411
106,2,2314
106,3,2370
106,4,2255
106,5,2205
106,6,2428
106,7,2274
106,8,2237
106,9,2204
106,10,2193
107,1,2207
107,2,2274
107,3,2385
107,4,2352
107,5,2311
107,6,2285
107,7,2332
107,8,2032
107,9,2164
107,10,2195
108,1,2208
108,2,2042
108,3,2258
108,4,2415
108,5,2074
108,6,2111
108,7,2178
108,8,2255
108,9,2122
108,10,2381
109,1,2387
109,2,2423
109,3,2170
109,4,2042
109,5,2454
109,6,2273
109,7,2254
109,8,2277
109,9,2107
109,10,2091
110,1,2120
110,2,2087
110,3,2029
110,4,2047
110,5,2034
110,6,2024
110,7,2249
110,8,2370
110,9,2375
110,10,2079
111,1,2207
111,2,2190
111,3,2048
111,4,2397
111,5,2116
111,6,2272
111,7,2473
111,8,2059
111,9,2046
111,10,2123
112,1,2484
112,2,2450
112,3,2134
112,4,2299
112,5,2303
112,6,2429
112,7,2327
112,8,2332
112,9,2209
112,10,2081
113,1,2410
113,2,2079
113,3,2226
113,4,2087
113,5,2410
113,6,2477
113,7,2433
113,8,2208
113,9,2213
113,10,2241
114,1,2141
114,2,2480
114,3,2067
114,4,2459
114,5,2047
114,6,2025
114,7,2400
114,8,2318
114,9,2253
114,10,2100
115,1,2867
115,2,2977
115,3,2579
115,4,2908
115,5,2552
115,6,2885
115,7,2812
115,8,2806
115,9,2776
115,10,2594
116,1,2514
116,2,2783
116,3,2860
116,4,2519
116,5,2561
116,6,2597
116,7,2553
116,8,2569
116,9,2901
116,10,2910
117,1,2803
117,2,2930
117,3,2548
117,4,2589
117,5,2934
117,6,2942
117,7,2999
117,8,2684
117,9,2768
117,10,2639
118,1,2882
118,2,2541
118,3,2961
118,4,2581
118,5,2532
118,6,2510
118,7,2809
118,8,2519
118,9,2580
118,10,2714
119,1,2616
119,2,2873
119,3,2535
119,4,2834
119,5,2953
119,6,2733
119,7,2661
119,8,2810
119,9,2837
119,10,2637
120,1,2653
120,2,2957
120,3,2572
120,4,2925
120,5,2845
120,6,2818
120,7,2544
120,8,2533
120,9,2768
120,10,2794
121,1,2698
121,2,2935
121,3,2675
121,4,2937
121,5,2983
121,6,2792
121,7,2776
121,8,2523
121,9,2913
121,10,2846
122,1,2509
122,2,2926
122,3,2986
122,4,2965
122,5,2538
122,6,2834
122,7,2928
122,8,2636
122,9,2940
122,10,2769
123,1,2581
123,2,2557
123,3,2783
123,4,2725
123,5,2756
123,6,2990
123,7,2593
123,8,2703
123,9,2830
123,10,2543
124,1,2880
124,2,2959
124,3,2754
124,4,2997
124,5,2994
124,6,2789
124,7,2942
124,8,2575
124,9,2518
124,10,2625
125,1,2636
125,2,2755
125,3,2701
125,4,2639
125,5,2650
125,6,2970
125,7,2513
125,8,2912
125,9,2692
125,10,2873
126,1,2935
126,2,2550
126,3,2877
126,4,2749
126,5,2987
126,6,2665
126,7,2742
126,8,2770
126,9,2687
126,10,2874
127,1,2568
127,2,2552
127,3,2871
127,4,2960
127,5,2644
127,6,2650
127,7,2624
127,8,2774
127,9,2731
127,10,2875
128,1,2995
128,2,2857
128,3,2812
128,4,2731
128,5,2880
128,6,2820
128,7,2736
128,8,2614
128,9,2607
128,10,2715
129,1,2694
129,2,2590
129,3,2816
129,4,2755
129,5,2922
129,6,2703
129,7,2511
129,8,2507
129,9,2987
129,10,2602
130,1,2878
130,2,2834
130,3,2757
130,4,2642
130,5,2623
130,6,2639
130,7,2748
130,8,2936
130,9,2530
130,10,2786
131,1,2685
131,2,2939
131,3,2840
131,4,2656
131,5,2558
131,6,2606
131,7,2981
131,8,2830
131,9,2933
131,10,2654
132,1,2938
132,2,2956
132,3,2917
132,4,2676
132,5,2785
132,6,2725
132,7,2817
132,8,2982
132,9,2660
132,10,2787
133,1,2512
133,2,2536
133,3,2723
133,4,2599
133,5,2579
133,6,2781
133,7,2957
133,8,2868
133,9,2897
133,10,2657
134,1,2505
134,2,2917
134,3,2801
134,4,2840
134,5,2818
134,6,2633
134,7,2952
134,8,2529
134,9,2676
134,10,2739
135,1,2556
135,2,2579
135,3,2571
135,4,2517
135,5,2599
135,6,2910
135,7,2616
135,8,2956
135,9,2509
135,10,2580
136,1,2685
136,2,2696
136,3,2684
136,4,2595
136,5,2811
136,6,2719
136,7,2602
136,8,2987
136,9,2743
136,10,2819
137,1,2863
137,2,2586
137,3,2802
137,4,2571
137,5,2505
137,6,2667
137,7,2646
137,8,2635
137,9,2889
137,10,2755
138,1,2850
138,2,2576
138,3,2781
138,4,2611
138,5,2816
138,6,2772
138,7,2719
138,8,2969
138,9,2761
138,10,2745
139,1,2788
139,2,2875
139,3,2755
139,4,2683
139,5,2958
139,6,2715
139,7,2730
139,8,2824
139,9,2714
139,10,2953
140,1,2800
140,2,2893
140,3,2511
140,4,2882
140,5,2517
140,6,2507
140,7,2826
140,8,2716
140,9,2716
140,10,2611
141,1,2535
141,2,2617
141,3,2684
141,4,2787
141,5,2985
141,6,2675
141,7,2939
141,8,2917
141,9,2899
141,10,2937
142,1,2740
142,2,2508
142,3,2596
142,4,2805
142,5,2693
142,6,2965
142,7,2519
142,8,2824
142,9,2550
142,10,2975
143,1,2872
143,2,2972
143,3,2633
143,4,2686
143,5,2663
143,6,2815
143,7,2766
143,8,2779
143,9,2811
143,10,2630
144,1,2733
144,2,2585
144,3,2746
144,4,2535
144,5,2604
144,6,2900
144,7,2586
144,8,2693
144,9,2527
144,10,2995
145,1,3086
145,2,3485
145,3,3255
145,4,3426
145,5,3224
145,6,3128
145,7,3147
145,8,3492
145,9,3067
145,10,3246
146,1,3169
146,2,3350
146,3,3295
146,4,3300
146,5,3077
146,6,3456
146,7,3473
146,8,3111
146,9,3473
146,10,3158
147,1,3081
147,2,3206
147,3,3423
147,4,3467
147,5,3088
147,6,3364
147,7,3292
147,8,3434
147,9,3355
147,10,3435
148,1,3260
148,2,3041
148,3,3099
148,4,3331
148,5,3259
148,6,3266
148,7,3362
148,8,3317
148,9,3356
148,10,3004
149,1,3294
149,2,3440
149,3,3240
149,4,3299
149,5,3357
149,6,3423
149,7,3197
149,8,3454
149,9,3417
149,10,3100
150,1,3448
150,2,3468
150,3,3383
150,4,3030
150,5,3496
150,6,3387
150,7,3190
150,8,3184
150,9,3105
150,10,3183
151,1,3028
151,2,3001
151,3,3089
151,4,3157
151,5,3431
151,6,3157
151,7,3351
151,8,3149
151,9,3273
151,10,3059
152,1,3086
152,2,3416
152,3,3460
152,4,3037
152,5,3458
152,6,3085
152,7,3473
152,8,3483
152,9,3496
152,10,3361
153,1,3447
153,2,3389
153,3,3297
153,4,3401
153,5,3246
153,6,3023
153,7,3441
153,8,3330
153,9,3091
153,10,3301
154,1,3391
154,2,3349
154,3,3001
154,4,3170
154,5,3022
154,6,3100
154,7,3180
154,8,3328
154,9,3142
154,10,3325
155,1,3386
155,2,3050
155,3,3300
155,4,3154
155,5,3087
155,6,3442
155,7,3229
155,8,3055
155,9,3173
155,10,3443
156,1,3168
156,2,3400
156,3,3032
156,4,3172
156,5,3023
156,6,3277
156,7,3231
156,8,3145
156,9,3292
156,10,3041
157,1,3095
157,2,3107
157,3,3337
157,4,3474
157,5,3446
157,6,3274
157,7,3106
157,8,3350
157,9,3065
157,10,3042
158,1,3332
158,2,3274
158,3,3106
158,4,3430
158,5,3075
158,6,3004
158,7,3293
158,8,3086
158,9,3415
158,10,3104
159,1,3002
159,2,3083
159,3,3321
159,4,3280
159,5,3370
159,6,3430
159,7,3295
159,8,3098
159,9,3052
159,10,3250
160,1,3131
160,2,3401
160,3,3210
160,4,3079
160,5,3445
160,6,3444
160,7,3159
160,8,3322
160,9,3224
160,10,3254
161,1,3444
161,2,3331
161,3,3494
161,4,3370
161,5,3239
161,6,3002
161,7,3024
161,8,3294
161,9,3193
161,10,3203
162,1,3473
162,2,3267
162,3,3302
162,4,3471
162,5,3225
162,6,3215
162,7,3038
162,8,3358
162,9,3361
162,10,3158
163,1,3185
163,2,3199
163,3,3479
163,4,3497
163,5,3182
163,6,3133
163,7,3185
163,8,3411
163,9,3068
163,10,3464
164,1,3069
164,2,3261
164,3,3328
164,4,3245
164,5,3436
164,6,3424
164,7,3076
164,8,3455
164,9,3282
164,10,3480
165,1,3263
165,2,3428
165,3,3082
165,4,3380
165,5,3453
165,6,3447
165,7,3195
165,8,3041
165,9,3216
165,10,3204
166,1,3015
166,2,3146
166,3,3139
166,4,3440
166,5,3428
166,6,3094
166,7,3376
166,8,3283
166,9,3095
166,10,3219
167,1,3380
167,2,3467
167,3,3192
167,4,3297
167,5,3319
167,6,3296
167,7,3060
167,8,3432
167,9,3443
167,10,3225
168,1,3001
168,2,3350
168,3,3164
168,4,3234
168,5,3047
168,6,3131
168,7,3112
168,8,3118
168,9,3152
168,10,3163
169,1,3012
169,2,3258
169,3,3083
169,4,3330
169,5,3373
169,6,3472
169,7,3331
169,8,3233
169,9,3151
169,10,3420
170,1,3137
170,2,3492
170,3,3320
170,4,3039
170,5,3427
170,6,3029
170,7,3069
170,8,3231
170,9,3278
170,10,3104
171,1,3452
171,2,3147
171,3,3358
171,4,3197
171,5,3317
171,6,3399
171,7,3186
171,8,3250
171,9,3270
171,10,3003
172,1,3323
172,2,3109
172,3,3003
172,4,3110
172,5,3370
172,6,3177
172,7,3465
172,8,3003
172,9,3451
172,10,3174
173,1,3025
173,2,3090
173,3,3371
173,4,3207
173,5,3117
173,6,3160
173,7,3013
173,8,3078
173,9,3141
173,10,3449
174,1,3273
174,2,3063
174,3,3349
174,4,3447
174,5,3081
174,6,3155
174,7,3228
174,8,3122
174,9,3037
174,10,3099
175,1,3171
175,2,3132
175,3,3155
175,4,3409
175,5,3017
175,6,3314
175,7,3247
175,8,3127
175,9,3234
175,10,3448
176,1,3650
176,2,3663
176,3,3617
176,4,3713
176,5,3933
176,6,3521
176,7,3742
176,8,3948
176,9,3644
176,10,3948
177,1,3547
177,2,3937
177,3,3619
177,4,3974
177,5,3736
177,6,3934
177,7,3821
177,8,3631
177,9,3565
177,10,3656
178,1,3610
178,2,3805
178,3,3758
178,4,3754
178,5,3693
178,6,3739
178,7,3855
178,8,3799
178,9,3885
178,10,3565
179,1,3905
179,2,3590
179,3,3625
179,4,3965
179,5,3594
179,6,3724
179,7,3648
179,8,3608
179,9,3722
179,10,3515
180,1,3705
180,2,3733
180,3,3524
180,4,3806
180,5,3711
180,6,3880
180,7,3961
180,8,3827
180,9,3731
180,10,3720
181,1,3750
181,2,3561
181,3,3848
181,4,3853
181,5,3991
181,6,3919
181,7,3539
181,8,3580
181,9,3861
181,10,3727
182,1,3918
182,2,3716
182,3,3565
182,4,3955
182,5,3888
182,6,3863
182,7,3719
182,8,3557
182,9,3588
182,10,3906
183,1,3551
183,2,3847
183,3,3552
183,4,3944
183,5,3843
183,6,3955
183,7,3952
183,8,3685
183,9,3861
183,10,3846
184,1,3859
184,2,3985
184,3,3587
184,4,3832
184,5,3866
184,6,3732
184,7,3554
184,8,3559
184,9,3607
184,10,3953
185,1,3860
185,2,3728
185,3,3960
185,4,3683
185,5,3905
185,6,3595
185,7,3698
185,8,3879
185,9,3993
185,10,3621
186,1,3808
186,2,3589
186,3,3942
186,4,3604
186,5,3632
186,6,3985
186,7,3809
186,8,3761
186,9,3862
186,10,3574
187,1,3882
187,2,3566
187,3,3883
187,4,3551
187,5,3742
187,6,3697
187,7,3802
187,8,3683
187,9,3917
187,10,3810
188,1,3824
188,2,3761
188,3,3608
188,4,3691
188,5,3557
188,6,3527
188,7,3687
188,8,3826
188,9,3741
188,10,3669
189,1,3537
189,2,3889
189,3,3577
189,4,3698
189,5,3804
189,6,3928
189,7,3945
189,8,3543
189,9,3729
189,10,3868
190,1,3777
190,2,3873
190,3,3856
190,4,3629
190,5,3530
190,6,3604
190,7,3545
190,8,3630
190,9,3816
190,10,3866
191,1,3602
191,2,3819
191,3,3727
191,4,3937
191,5,3889
191,6,3550
191,7,3666
191,8,3865
191,9,3671
191,10,3798
192,1,3968
192,2,3710
192,3,3948
192,4,3535
192,5,3632
192,6,3536
192,7,3752
192,8,3535
192,9,3754
192,10,3979
193,1,3769
193,2,3525
193,3,3969
193,4,3553
193,5,3924
193,6,3745
193,7,3802
193,8,3505
193,9,3618
193,10,3627
194,1,3982
194,2,3935
194,3,3675
194,4,3588
194,5,3639
194,6,3938
194,7,3513
194,8,3838
194,9,3875
194,10,3719
195,1,3824
195,2,3606
195,3,3670
195,4,3812
195,5,3878
195,6,3671
195,7,3647
195,8,3936
195,9,3520
195,10,3562
196,1,3740
196,2,3847
196,3,3844
196,4,3648
196,5,3512
196,6,3789
196,7,3910
196,8,3780
196,9,3871
196,10,3777
197,1,3651
197,2,3698
197,3,3696
197,4,3946
197,5,3873
197,6,3777
197,7,3545
197,8,3762
197,9,3951
197,10,3736
198,1,3898
198,2,3555
198,3,3792
198,4,3980
198,5,3538
198,6,3737
198,7,3859
198,8,3807
198,9,3587
198,10,3517
199,1,3727
199,2,3658
199,3,3832
199,4,3982
199,5,3634
199,6,3956
199,7,3738
199,8,3762
199,9,3680
199,10,3927
200,1,3945
200,2,3551
200,3,3788
200,4,3638
200,5,3972
200,6,3756
200,7,3929
200,8,3856
200,9,3555
200,10,3723
201,1,3945
201,2,3924
201,3,3960
201,4,3625
201,5,3942
201,6,3661
201,7,3796
201,8,3803
201,9,3782
201,10,3653
202,1,3818
202,2,3758
202,3,3812
202,4,3722
202,5,3609
202,6,3918
202,7,3851
202,8,3932
202,9,3768
202,10,3980
203,1,3542
203,2,3982
203,3,3792
203,4,3582
203,5,3651
203,6,3543
203,7,3561
203,8,3679
203,9,3987
203,10,3868
204,1,3606
204,2,3529
204,3,3681
204,4,3947
204,5,3508
204,6,3599
204,7,3920
204,8,3789
204,9,3713
204,10,3509
205,1,3589
205,2,3862
205,3,3963
205,4,3559
205,5,3817
205,6,3653
205,7,3835
205,8,3857
205,9,3626
205,10,3684
206,1,3581
206,2,3660
206,3,3707
206,4,3868
206,5,3655
206,6,3920
206,7,3873
206,8,3973
206,9,3700
206,10,3753
207,1,4270
207,2,4166
207,3,4228
207,4,4168
207,5,4173
207,6,4016
207,7,4082
207,8,4318
207,9,4060
207,10,4377
208,1,4279
208,2,4118
208,3,4018
208,4,4196
208,5,4393
208,6,4187
208,7,4246
208,8,4332
208,9,4453
208,10,4099
209,1,4229
209,2,4174
209,3,4178
209,4,4455
209,5,4064
209,6,4193
209,7,4269
209,8,4222
209,9,4257
209,10,4378
210,1,4491
210,2,4222
210,3,4232
210,4,4074
210,5,4311
210,6,4471
210,7,4245
210,8,4123
210,9,4055
210,10,4494
211,1,4292
211,2,4488
211,3,4470
211,4,4362
211,5,4344
211,6,4015
211,7,4245
211,8,4284
211,9,4160
211,10,4215
212,1,4188
212,2,4224
212,3,4265
212,4,4181
212,5,4056
212,6,4475
212,7,4422
212,8,4310
212,9,4367
212,10,4462
213,1,4187
213,2,4089
213,3,4242
213,4,4131
213,5,4181
213,6,4298
213,7,4428
213,8,4437
213,9,4107
213,10,4244
214,1,4256
214,2,4066
214,3,4486
214,4,4449
214,5,4260
214,6,4383
214,7,4439
214,8,4174
214,9,4484
214,10,4350
215,1,4292
215,2,4268
215,3,4147
215,4,4455
215,5,4459
215,6,4486
215,7,4144
215,8,4373
215,9,4120
215,10,4297
216,1,4423
216,2,4157
216,3,4443
216,4,4012
216,5,4439
216,6,4419
216,7,4221
216,8,4346
216,9,4007
216,10,4220
217,1,4247
217,2,4265
217,3,4333
217,4,4284
217,5,4040
217,6,4345
217,7,4310
217,8,4457
217,9,4415
217,10,4201
218,1,4445
218,2,4189
218,3,4078
218,4,4440
218,5,4013
218,6,4026
218,7,4203
218,8,4152
218,9,4324
218,10,4235
219,1,4244
219,2,4157
219,3,4346
219,4,4265
219,5,4377
219,6,4016
219,7,4008
219,8,4114
219,9,4085
219,10,4437
220,1,4409
220,2,4402
220,3,4377
220,4,4369
220,5,4246
220,6,4083
220,7,4271
220,8,4321
220,9,4084
220,10,4396
221,1,4143
221,2,4119
221,3,4313
221,4,4119
221,5,4346
221,6,4419
221,7,4112
221,8,4391
221,9,4202
221,10,4433
222,1,4293
222,2,4074
222,3,4484
222,4,4403
222,5,4184
222,6,4116
222,7,4117
222,8,4213
222,9,4449
222,10,4105
223,1,4466
223,2,4358
223,3,4395
223,4,4118
223,5,4369
223,6,4400
223,7,4136
223,8,4226
223,9,4164
223,10,4099
224,1,4326
224,2,4394
224,3,4045
224,4,4359
224,5,4001
224,6,4252
224,7,4068
224,8,4096
224,9,4226
224,10,4366
225,1,4412
225,2,4026
225,3,4214
225,4,4423
225,5,4190
225,6,4021
225,7,4061
225,8,4178
225,9,4133
225,10,4023
226,1,4264
226,2,4232
226,3,4235
226,4,4057
226,5,4075
226,6,4251
226,7,4115
226,8,4085
226,9,4225
226,10,4130
227,1,4424
227,2,4131
227,3,4213
227,4,4087
227,5,4001
227,6,4042
227,7,4029
227,8,4168
227,9,4112
227,10,4303
228,1,4235
228,2,4470
228,3,4042
228,4,4066
228,5,4068
228,6,4188
228,7,4020
228,8,4128
228,9,4050
228,10,4258
229,1,4213
229,2,4354
229,3,4104
229,4,4165
229,5,4458
229,6,4149
229,7,4357
229,8,4250
229,9,4072
229,10,4247
230,1,4335
230,2,4063
230,3,4050
230,4,4130
230,5,4333
230,6,4131
230,7,4480
230,8,4146
230,9,4201
230,10,4128
231,1,4242
231,2,4149
231,3,4078
231,4,4401
231,5,4057
231,6,4342
231,7,4014
231,8,4375
231,9,4130
231,10,4393
232,1,4036
232,2,4307
232,3,4231
232,4,4248
232,5,4290
232,6,4203
232,7,4199
232,8,4337
232,9,4239
232,10,4147
233,1,4353
233,2,4321
233,3,4494
233,4,4052
233,5,4047
233,6,4246
233,7,4248
233,8,4235
233,9,4104
233,10,4258
234,1,4035
234,2,4078
234,3,4243
234,4,4453
234,5,4202
234,6,4407
234,7,4331
234,8,4458
234,9,4425
234,10,4030
235,1,4244
235,2,4361
235,3,4111
235,4,4149
235,5,4297
235,6,4386
235,7,4157
235,8,4159
235,9,4430
235,10,4341
236,1,4468
236,2,4225
236,3,4306
236,4,4386
236,5,4355
236,6,4135
236,7,4413
236,8,4259
236,9,4034
236,10,4433
237,1,4654
237,2,4581
237,3,4923
237,4,4634
237,5,4833
237,6,4630
237,7,4936
237,8,4564
237,9,4915
237,10,4668
238,1,4552
238,2,4783
238,3,4976
238,4,4781
238,5,4844
238,6,4538
238,7,4807
238,8,4939
238,9,4627
238,10,4942
239,1,4579
239,2,4942
239,3,4690
239,4,4829
239,5,4743
239,6,4916
239,7,4546
239,8,4768
239,9,4614
239,10,4712
240,1,4538
240,2,4579
240,3,4587
240,4,4864
240,5,4704
240,6,4659
240,7,4724
240,8,4649
240,9,4756
240,10,4642
241,1,4981
241,2,4927
241,3,4693
241,4,4873
241,5,4735
241,6,4635
241,7,4815
241,8,4875
241,9,4701
241,10,4877
242,1,4554
242,2,4664
242,3,4886
242,4,4736
242,5,4744
242,6,4663
242,7,4589
242,8,4759
242,9,4539
242,10,4725
243,1,4779
243,2,4595
243,3,4698
243,4,4658
243,5,4547
243,6,4538
243,7,4710
243,8,4711
243,9,4556
243,10,4589
244,1,4534
244,2,4736
244,3,4863
244,4,4590
244,5,4730
244,6,4508
244,7,4848
244,8,4790
244,9,4702
244,10,4798
245,1,4738
245,2,4713
245,3,4629
245,4,4714
245,5,4910
245,6,4727
245,7,4770
245,8,4635
245,9,4726
245,10,4531
246,1,4941
246,2,4913
246,3,4813
246,4,4604
246,5,4593
246,6,4845
246,7,4828
246,8,4809
246,9,4901
246,10,4969
247,1,4960
247,2,4843
247,3,5000
247,4,4678
247,5,4990
247,6,4663
247,7,4655
247,8,4759
247,9,4581
247,10,4636
248,1,4919
248,2,4778
248,3,4832
248,4,4534
248,5,4677
248,6,4874
248,7,4934
248,8,4977
248,9,4654
248,10,4953
249,1,4945
249,2,4874
249,3,4978
249,4,4641
249,5,4986
249,6,4715
249,7,4502
249,8,4747
249,9,4656
249,10,4852
250,1,4683
250,2,4724
250,3,4723
250,4,4737
250,5,4718
250,6,4540
250,7,4546
250,8,4698
250,9,4760
250,10,4840
251,1,4937
251,2,4764
251,3,4523
251,4,4507
251,5,4900
251,6,4854
251,7,4537
251,8,4852
251,9,4581
251,10,4879
252,1,4867
252,2,4633
252,3,4876
252,4,4901
252,5,4643
252,6,4827
252,7,4604
252,8,4656
252,9,4706
252,10,4772
253,1,4662
253,2,4689
253,3,4579
253,4,4748
253,5,4717
253,6,4712
253,7,4934
253,8,4688
253,9,4536
253,10,4642
254,1,4549
254,2,4649
254,3,4938
254,4,4961
254,5,4529
254,6,4872
254,7,4525
254,8,4858
254,9,4603
254,10,4995
255,1,4751
255,2,4568
255,3,4679
255,4,4855
255,5,4625
255,6,4625
255,7,4885
255,8,4952
255,9,4975
255,10,4679
256,1,4574
256,2,4525
256,3,4532
256,4,4886
256,5,4843
256,6,4874
256,7,4907
256,8,4820
256,9,4940
256,10,4765
257,1,4792
257,2,4768
257,3,4882
257,4,4543
257,5,4697
257,6,4938
257,7,4916
257,8,4620
257,9,4870
257,10,4696
258,1,4758
258,2,4606
258,3,4739
258,4,4886
258,5,4730
258,6,4815
258,7,4546
258,8,4642
258,9,4943
258,10,4626
259,1,4683
259,2,4642
259,3,4656
259,4,4697
259,5,4683
259,6,4611
259,7,4781
259,8,4632
259,9,4785
259,10,4813
260,1,4729
260,2,4794
260,3,4982
260,4,4886
260,5,4947
260,6,4992
260,7,4521
260,8,4808
260,9,4854
260,10,4677
261,1,4788
261,2,4824
261,3,4890
261,4,4805
261,5,4987
261,6,4727
261,7,4924
261,8,4919
261,9,4961
261,10,4899
262,1,4755
262,2,4534
262,3,4926
262,4,4601
262,5,4764
262,6,4918
262,7,4599
262,8,4707
262,9,4861
262,10,4652
263,1,4501
263,2,4871
263,3,4592
263,4,4720
263,5,4586
263,6,4638
263,7,4559
263,8,4950
263,9,4577
263,10,4842
264,1,4681
264,2,4798
264,3,4957
264,4,4622
264,5,4692
264,6,4867
264,7,4854
264,8,4960
264,9,4740
264,10,4527
265,1,4952
265,2,4826
265,3,4658
265,4,4687
265,5,4850
265,6,4991
265,7,4833
265,8,4675
265,9,4705
265,10,4587
266,1,4583
266,2,4780
266,3,4729
266,4,4542
266,5,4814
266,6,4592
266,7,4886
266,8,4571
266,9,4631
266,10,4763
267,1,4862
267,2,4554
267,3,4945
267,4,4655
267,5,4952
267,6,4976
267,7,4997
267,8,4671
267,9,4845
267,10,4683
268,1,5291
268,2,5211
268,3,5455
268,4,5396
268,5,5022
268,6,5490
268,7,5109
268,8,5191
268,9,5342
268,10,5130
269,1,5098
269,2,5457
269,3,5106
269,4,5012
269,5,5133
269,6,5031
269,7,5091
269,8,5276
269,9,5291
269,10,5260
270,1,5420
270,2,5145
270,3,5150
270,4,5324
270,5,5215
270,6,5331
270,7,5407
270,8,5211
270,9,5446
270,10,5155
271,1,5437
271,2,5158
271,3,5461
271,4,5323
271,5,5161
271,6,5452
271,7,5254
271,8,5033
271,9,5148
271,10,5237
272,1,5380
272,2,5073
272,3,5085
272,4,5217
272,5,5432
272,6,5384
272,7,5354
272,8,5218
272,9,5268
272,10,5210
273,1,5323
273,2,5294
273,3,5049
273,4,5303
273,5,5441
273,6,5284
273,7,5081
273,8,5155
273,9,5165
273,10,5251
274,1,5211
274,2,5203
274,3,5079
274,4,5305
274,5,5008
274,6,5252
274,7,5418
274,8,5420
274,9,5013
274,10,5121
275,1,5294
275,2,5335
275,3,5119
275,4,5132
275,5,5023
275,6,5177
275,7,5226
275,8,5363
275,9,5027
275,10,5045
276,1,5231
276,2,5240
276,3,5162
276,4,5073
276,5,5438
276,6,5380
276,7,5376
276,8,5325
276,9,5132
276,10,5477
277,1,5353
277,2,5430
277,3,5242
277,4,5016
277,5,5302
277,6,5374
277,7,5269
277,8,5206
277,9,5153
277,10,5101
278,1,5252
278,2,5424
278,3,5140
278,4,5040
278,5,5172
278,6,5154
278,7,5231
278,8,5152
278,9,5446
278,10,5436
279,1,5065
279,2,5124
279,3,5445
279,4,5080
279,5,5485
279,6,5187
279,7,5345
279,8,5439
279,9,5237
279,10,5440
280,1,5294
280,2,5360
280,3,5062
280,4,5049
280,5,5349
280,6,5396
280,7,5048
280,8,5479
280,9,5367
280,10,5386
281,1,5383
281,2,5011
281,3,5094
281,4,5013
281,5,5133
281,6,5070
281,7,5214
281,8,5154
281,9,5364
281,10,5057
282,1,5028
282,2,5125
282,3,5055
282,4,5119
282,5,5025
282,6,5462
282,7,5196
282,8,5293
282,9,5230
282,10,5197
283,1,5365
283,2,5134
283,3,5355
283,4,5124
283,5,5225
283,6,5399
283,7,5364
283,8,5227
283,9,5105
283,10,5091
284,1,5397
284,2,5120
284,3,5102
284,4,5265
284,5,5120
284,6,5172
284,7,5385
284,8,5419
284,9,5393
284,10,5474
285,1,5227
285,2,5262
285,3,5448
285,4,5392
285,5,5374
285,6,5324
285,7,5241
285,8,5054
285,9,5138
285,10,5089
286,1,5209
286,2,5373
286,3,5151
286,4,5168
286,5,5466
286,6,5169
286,7,5136
286,8,5332
286,9,5226
286,10,5347
287,1,5261
287,2,5317
287,3,5103
287,4,5346
287,5,5096
287,6,5399
287,7,5017
287,8,5074
287,9,5005
287,10,5323
288,1,5376
288,2,5007
288,3,5183
288,4,5143
288,5,5002
288,6,5352
288,7,5248
288,8,5144
288,9,5080
288,10,5081
289,1,5091
289,2,5425
289,3,5056
289,4,5209
289,5,5143
289,6,5440
289,7,5071
289,8,5396
289,9,5267
289,10,5130
290,1,5012
290,2,5313
290,3,5158
290,4,5011
290,5,5468
290,6,5465
290,7,5383
290,8,5324
290,9,5062
290,10,5331
291,1,5422
291,2,5298
291,3,5261
291,4,5441
291,5,5074
291,6,5150
291,7,5068
291,8,5113
291,9,5282
291,10,5297
292,1,5362
292,2,5312
292,3,5283
292,4,5237
292,5,5136
292,6,5307
292,7,5276
292,8,5290
292,9,5149
292,10,5380
293,1,5139
293,2,5143
293,3,5473
293,4,5032
293,5,5215
293,6,5363
293,7,5260
293,8,5114
293,9,5494
293,10,5403
294,1,5277
294,2,5499
294,3,5041
294,4,5137
294,5,5319
294,6,5183
294,7,5235
294,8,5120
294,9,5307
294,10,5489
295,1,5028
295,2,5294
295,3,5281
295,4,5446
295,5,5193
295,6,5162
295,7,5116
295,8,5147
295,9,5088
295,10,5272
296,1,5016
296,2,5026
296,3,5287
296,4,5368
296,5,5139
296,6,5080
296,7,5233
296,8,5261
296,9,5280
296,10,5195
297,1,5459
297,2,5124
297,3,5119
297,4,5084
297,5,5086
297,6,5309
297,7,5497
297,8,5158
297,9,5115
297,10,5002
298,1,5960
298,2,5938
298,3,5952
298,4,5572
298,5,5502
298,6,5955
298,7,5879
298,8,5623
298,9,5618
298,10,5593
299,1,5583
299,2,5702
299,3,5849
299,4,5548
299,5,5859
299,6,5960
299,7,5852
299,8,5841
299,9,5991
299,10,5627
300,1,5974
300,2,5902
300,3,5763
300,4,5934
300,5,5865
300,6,5677
300,7,5825
300,8,5591
300,9,5891
300,10,5615
301,1,5839
301,2,5695
301,3,5702
301,4,5546
301,5,5953
301,6,5543
301,7,5552
301,8,5793
301,9,5863
301,10,5954
302,1,5963
302,2,5671
302,3,5806
302,4,5781
302,5,5844
302,6,5808
302,7,5670
302,8,5886
302,9,5866
302,10,5585
303,1,5830
303,2,5622
303,3,5746
303,4,5560
303,5,5704
303,6,5829
303,7,5585
303,8,5782
303,9,5941
303,10,5517
304,1,5724
304,2,5914
304,3,5832
304,4,5528
304,5,5893
304,6,5834
304,7,5881
304,8,5607
304,9,5630
304,10,5986
305,1,5593
305,2,5587
305,3,5615
305,4,5844
305,5,5988
305,6,5729
305,7,5809
305,8,5678
305,9,5622
305,10,5620
306,1,5832
306,2,5522
306,3,5695
306,4,5748
306,5,5633
306,6,5604
306,7,5854
306,8,5767
306,9,5714
306,10,5864
307,1,5609
307,2,5945
307,3,5920
307,4,5584
307,5,5942
307,6,5669
307,7,5983
307,8,5775
307,9,5688
307,10,5648
308,1,5820
308,2,5725
308,3,5986
308,4,5916
308,5,5734
308,6,5736
308,7,5676
308,8,5825
308,9,5615
308,10,5666
309,1,5527
309,2,5657
309,3,5533
309,4,5550
309,5,5740
309,6,5747
309,7,5904
309,8,5863
309,9,5752
309,10,5897
310,1,5650
310,2,5848
310,3,5661
310,4,5831
310,5,5698
310,6,5543
310,7,5817
310,8,5979
310,9,5834
310,10,5992
311,1,5901
311,2,5655
311,3,5940
311,4,5981
311,5,5748
311,6,5785
311,7,5629
311,8,5809
311,9,5888
311,10,5794
312,1,5798
312,2,5887
312,3,5574
312,4,5554
312,5,5999
312,6,5784
312,7,5557
312,8,5990
312,9,5811
312,10,5607
313,1,5909
313,2,5860
313,3,5934
313,4,5562
313,5,5956
313,6,5687
313,7,5803
313,8,5626
313,9,5693
313,10,5618
314,1,5650
314,2,5773
314,3,5900
314,4,5913
314,5,5671
314,6,5729
314,7,5901
314,8,5547
314,9,5564
314,10,5821
315,1,5859
315,2,5999
315,3,5593
315,4,5520
315,5,5808
315,6,5905
315,7,5684
315,8,5996
315,9,5520
315,10,5588
316,1,5631
316,2,5610
316,3,5682
316,4,5578
316,5,5949
316,6,5794
316,7,5966
316,8,5697
316,9,5976
316,10,5824
317,1,5699
317,2,5615
317,3,5664
317,4,5775
317,5,5676
317,6,5874
317,7,5677
317,8,5869
317,9,5778
317,10,5788
318,1,5582
318,2,5833
318,3,5747
318,4,5523
318,5,5693
318,6,5759
318,7,5955
318,8,5571
318,9,5837
318,10,5579
319,1,5725
319,2,5547
319,3,5897
319,4,5660
319,5,5863
319,6,5701
319,7,5604
319,8,5901
319,9,5788
319,10,5738
320,1,5974
320,2,5580
320,3,5923
320,4,5915
320,5,5993
320,6,5946
320,7,5998
320,8,5906
320,9,5818
320,10,5846
321,1,5775
321,2,5953
321,3,5860
321,4,5958
321,5,5690
321,6,5722
321,7,5680
321,8,5542
321,9,5747
321,10,5664
322,1,5644
322,2,5560
322,3,5794
322,4,5740
322,5,5980
322,6,5518
322,7,5510
322,8,5850
322,9,5643
322,10,5936
323,1,5956
323,2,5570
323,3,5678
323,4,5664
323,5,5968
323,6,5726
323,7,5928
323,8,5954
323,9,5757
323,10,5647
324,1,5975
324,2,5690
324,3,5779
324,4,5829
324,5,5539
324,6,5822
324,7,5744
324,8,5798
324,9,5964
324,10,5523
325,1,5642
325,2,5540
325,3,5741
325,4,5804
325,5,5975
325,6,5559
325,7,6000
325,8,5669
325,9,5741
325,10,5557
326,1,5570
326,2,5672
326,3,5563
326,4,5662
326,5,5873
326,6,5506
326,7,5579
326,8,5881
326,9,5974
326,10,5995
327,1,5632
327,2,5759
327,3,5949
327,4,5870
327,5,5703
327,6,5662
327,7,5609
327,8,5515
327,9,5773
327,10,5850
328,1,5781
328,2,5958
328,3,5836
328,4,5676
328,5,5577
328,6,5924
328,7,5598
328,8,5546
328,9,5868
328,10,5807